0	source	http://sports.donga.com/cartoon?cid=0100000204&sid=
1	2013-04-08	http://image.donga.com/pictorial/uData/conthub/0100000204/51/6280/516280781d1b.jpg
2	2013-04-09	http://image.donga.com/pictorial/uData/conthub/0100000204/51/634d/51634dbc147f.jpg
3	2013-04-10	http://image.donga.com/pictorial/uData/conthub/0100000204/51/649c/51649cc00204.jpg
4	2013-04-11	http://image.donga.com/pictorial/uData/conthub/0100000204/51/65f0/5165f0b6037c.jpg
5	2013-04-15	http://image.donga.com/pictorial/uData/conthub/0100000204/51/6b35/516b359801e2.jpg
6	2013-04-16	http://image.donga.com/pictorial/uData/conthub/0100000204/51/6c86/516c863919fe.jpg
7	2013-04-17	http://image.donga.com/pictorial/uData/conthub/0100000204/51/6dd9/516dd9671a09.jpg
8	2013-04-18	http://image.donga.com/pictorial/uData/conthub/0100000204/51/6f29/516f29e71eaa.jpg
9	2013-04-22	http://image.donga.com/pictorial/uData/conthub/0100000204/51/746e/51746e3c0392.jpg
10	2013-04-23	http://image.donga.com/pictorial/uData/conthub/0100000204/51/75c2/5175c2301768.jpg
11	2013-04-24	http://image.donga.com/pictorial/uData/conthub/0100000204/51/7710/5177106f202f.jpg
12	2013-04-25	http://image.donga.com/pictorial/uData/conthub/0100000204/51/7863/5178637117c7.jpg
13	2013-04-29	http://image.donga.com/pictorial/uData/conthub/0100000204/51/7daa/517daa1704b8.jpg
14	2013-04-30	http://image.donga.com/pictorial/uData/conthub/0100000204/51/7efb/517efb121df8.jpg
15	2013-05-01	http://image.donga.com/pictorial/uData/conthub/0100000204/51/804b/51804bcb0091.jpg
16	2013-05-02	http://image.donga.com/pictorial/uData/conthub/0100000204/51/819d/51819d9900e6.jpg
17	2013-05-06	http://image.donga.com/pictorial/uData/conthub/0100000204/51/86e4/5186e42901b8.jpg
18	2013-05-07	http://image.donga.com/pictorial/uData/conthub/0100000204/51/8835/5188350e0940.jpg
19	2013-05-08	http://image.donga.com/pictorial/uData/conthub/0100000204/51/8985/518985eb10a6.jpg
20	2013-05-09	http://image.donga.com/pictorial/uData/conthub/0100000204/51/8ae0/518ae0b113b5.jpg
21	2013-05-13	http://image.donga.com/pictorial/uData/conthub/0100000204/51/901f/51901f8418c9.jpg
22	2013-05-14	http://image.donga.com/pictorial/uData/conthub/0100000204/51/916f/51916f840cd6.jpg
23	2013-05-15	http://image.donga.com/pictorial/uData/conthub/0100000204/51/92c0/5192c0ea2704.jpg
24	2013-05-16	http://image.donga.com/pictorial/uData/conthub/0100000204/51/9414/51941447031c.jpg
25	2013-05-20	http://image.donga.com/pictorial/uData/conthub/0100000204/51/9958/519958981be4.jpg
26	2013-05-21	http://image.donga.com/pictorial/uData/conthub/0100000204/51/9aa8/519aa8b81151.jpg
27	2013-05-22	http://image.donga.com/pictorial/uData/conthub/0100000204/51/9bfa/519bfa5d0fcb.jpg
28	2013-05-23	http://image.donga.com/pictorial/uData/conthub/0100000204/51/9d4c/519d4cda253c.jpg
29	2013-05-27	http://image.donga.com/pictorial/uData/conthub/0100000204/51/a293/51a2935b069b.jpg
30	2013-05-28	http://image.donga.com/pictorial/uData/conthub/0100000204/51/a708/51a708050174.jpg
31	2013-05-29	http://image.donga.com/pictorial/uData/conthub/0100000204/51/a708/51a7081a2091.jpg
32	2013-05-30	http://image.donga.com/pictorial/uData/conthub/0100000204/51/a708/51a7082f150c.jpg
33	2013-05-31	http://image.donga.com/pictorial/uData/conthub/0100000204/51/a7db/51a7db01096c.jpg
34	2013-06-03	http://image.donga.com/pictorial/uData/conthub/0100000204/51/abcd/51abcd1214ff.jpg
35	2013-06-04	http://image.donga.com/pictorial/uData/conthub/0100000204/51/ad1f/51ad1f3409f9.jpg
36	2013-06-05	http://image.donga.com/pictorial/uData/conthub/0100000204/51/ae71/51ae71321bab.jpg
37	2013-06-06	http://image.donga.com/pictorial/uData/conthub/0100000204/51/afc0/51afc0a1244d.jpg
38	2013-06-07	http://image.donga.com/pictorial/uData/conthub/0100000204/52/0d71/520d71e000d6.jpg
39	2013-06-10	http://image.donga.com/pictorial/uData/conthub/0100000204/51/b507/51b5076b01b6.jpg
40	2013-06-11	http://image.donga.com/pictorial/uData/conthub/0100000204/51/b659/51b659e8005c.jpg
41	2013-06-12	http://image.donga.com/pictorial/uData/conthub/0100000204/51/b7ab/51b7abe907f6.jpg
42	2013-06-13	http://image.donga.com/pictorial/uData/conthub/0100000204/51/b8fd/51b8fd4c19cc.jpg
43	2013-06-14	http://image.donga.com/pictorial/uData/conthub/0100000204/51/ba4e/51ba4e341097.jpg
44	2013-06-17	http://image.donga.com/pictorial/uData/conthub/0100000204/51/be43/51be43b311b1.jpg
45	2013-06-18	http://image.donga.com/pictorial/uData/conthub/0100000204/51/bf96/51bf96d525b4.jpg
46	2013-06-19	http://image.donga.com/pictorial/uData/conthub/0100000204/51/c0e6/51c0e6a51deb.jpg
47	2013-06-20	http://image.donga.com/pictorial/uData/conthub/0100000204/51/c237/51c2372f0783.jpg
48	2013-06-21	http://image.donga.com/pictorial/uData/conthub/0100000204/51/c38a/51c38a1a1b47.jpg
49	2013-06-24	http://image.donga.com/pictorial/uData/conthub/0100000204/51/c77f/51c77f1c088b.jpg
50	2013-06-25	http://image.donga.com/pictorial/uData/conthub/0100000204/51/c8ce/51c8ce871c80.jpg
51	2013-06-26	http://image.donga.com/pictorial/uData/conthub/0100000204/51/ca22/51ca22ea160f.jpg
52	2013-06-27	http://image.donga.com/pictorial/uData/conthub/0100000204/51/cb74/51cb741d178d.jpg
53	2013-06-28	http://image.donga.com/pictorial/uData/conthub/0100000204/51/ccc2/51ccc2952247.jpg
54	2013-07-01	http://image.donga.com/pictorial/uData/conthub/0100000204/51/d0b8/51d0b8320ee9.jpg
55	2013-07-02	http://image.donga.com/pictorial/uData/conthub/0100000204/51/d20a/51d20a630865.jpg
56	2013-07-03	http://image.donga.com/pictorial/uData/conthub/0100000204/51/d35a/51d35a880cf6.jpg
57	2013-07-04	http://image.donga.com/pictorial/uData/conthub/0100000204/51/d4ac/51d4ac6d2691.jpg
58	2013-07-05	http://image.donga.com/pictorial/uData/conthub/0100000204/51/d5fd/51d5fd572146.jpg
59	2013-07-08	http://image.donga.com/pictorial/uData/conthub/0100000204/51/d9f1/51d9f1da0662.jpg
60	2013-07-09	http://image.donga.com/pictorial/uData/conthub/0100000204/51/db42/51db42030574.jpg
61	2013-07-10	http://image.donga.com/pictorial/uData/conthub/0100000204/51/dc95/51dc95831865.jpg
62	2013-07-11	http://image.donga.com/pictorial/uData/conthub/0100000204/51/dde7/51dde73f080b.jpg
63	2013-07-12	http://image.donga.com/pictorial/uData/conthub/0100000204/51/df38/51df3808250e.jpg
64	2013-07-15	http://image.donga.com/pictorial/uData/conthub/0100000204/51/e32c/51e32cca1d99.jpg
65	2013-07-16	http://image.donga.com/pictorial/uData/conthub/0100000204/51/e47e/51e47e590fea.jpg
66	2013-07-17	http://image.donga.com/pictorial/uData/conthub/0100000204/51/e5d1/51e5d11d1dad.jpg
67	2013-07-18	http://image.donga.com/pictorial/uData/conthub/0100000204/51/e722/51e7220e0483.jpg
68	2013-07-19	http://image.donga.com/pictorial/uData/conthub/0100000204/51/e871/51e871a1153d.jpg
69	2013-07-22	http://image.donga.com/pictorial/uData/conthub/0100000204/51/ec69/51ec6993240e.jpg
70	2013-07-23	http://image.donga.com/pictorial/uData/conthub/0100000204/51/edb8/51edb89a0a83.jpg
71	2013-07-24	http://image.donga.com/pictorial/uData/conthub/0100000204/51/ef0c/51ef0c5b1d0e.jpg
72	2013-07-25	http://image.donga.com/pictorial/uData/conthub/0100000204/51/f05a/51f05aeb0796.jpg
73	2013-07-26	http://image.donga.com/pictorial/uData/conthub/0100000204/51/f1ad/51f1ade7103d.jpg
74	2013-07-29	http://image.donga.com/pictorial/uData/conthub/0100000204/51/f5a0/51f5a01b1eea.jpg
75	2013-07-30	http://image.donga.com/pictorial/uData/conthub/0100000204/51/f6f4/51f6f479173f.jpg
76	2013-07-31	http://image.donga.com/pictorial/uData/conthub/0100000204/51/f844/51f844350569.jpg
77	2013-08-01	http://image.donga.com/pictorial/uData/conthub/0100000204/51/f995/51f995721e86.jpg
78	2013-08-02	http://image.donga.com/pictorial/uData/conthub/0100000204/51/fae9/51fae9c922c4.jpg
79	2013-08-05	http://image.donga.com/pictorial/uData/conthub/0100000204/51/fedc/51fedc630d5a.jpg
80	2013-08-06	http://image.donga.com/pictorial/uData/conthub/0100000204/52/002d/52002db71fee.jpg
81	2013-08-07	http://image.donga.com/pictorial/uData/conthub/0100000204/52/0181/5201817f0e57.jpg
82	2013-08-08	http://image.donga.com/pictorial/uData/conthub/0100000204/52/02ce/5202ce3c1818.jpg
83	2013-08-09	http://image.donga.com/pictorial/uData/conthub/0100000204/52/0424/520424001e9c.jpg
84	2013-08-12	http://image.donga.com/pictorial/uData/conthub/0100000204/52/0818/520818131c3c.jpg
85	2013-08-13	http://image.donga.com/pictorial/uData/conthub/0100000204/52/0967/520967b0216b.jpg
86	2013-08-14	http://image.donga.com/pictorial/uData/conthub/0100000204/52/0aba/520abaf12544.jpg
87	2013-08-15	http://image.donga.com/pictorial/uData/conthub/0100000204/52/0c0a/520c0a4c04cf.jpg
88	2013-08-16	http://image.donga.com/pictorial/uData/conthub/0100000204/52/0d71/520d71b80449.jpg
89	2013-08-19	http://image.donga.com/pictorial/uData/conthub/0100000204/52/1150/5211506e2209.jpg
90	2013-08-20	http://image.donga.com/pictorial/uData/conthub/0100000204/52/12a1/5212a1f218b4.jpg
91	2013-08-21	http://image.donga.com/pictorial/uData/conthub/0100000204/52/13f5/5213f5901bed.jpg
92	2013-08-22	http://image.donga.com/pictorial/uData/conthub/0100000204/52/1544/521544f20ef6.jpg
93	2013-08-23	http://image.donga.com/pictorial/uData/conthub/0100000204/52/1698/521698411473.jpg
94	2013-08-26	http://image.donga.com/pictorial/uData/conthub/0100000204/52/1a8a/521a8afd09ff.jpg
95	2013-08-27	http://image.donga.com/pictorial/uData/conthub/0100000204/52/1bdc/521bdc480a8b.jpg
96	2013-08-28	http://image.donga.com/pictorial/uData/conthub/0100000204/52/1d2e/521d2e5a1077.jpg
97	2013-08-29	http://image.donga.com/pictorial/uData/conthub/0100000204/52/1e81/521e81780709.jpg
98	2013-08-30	http://image.donga.com/pictorial/uData/conthub/0100000204/52/1fd3/521fd3921140.jpg
99	2013-09-02	http://image.donga.com/pictorial/uData/conthub/0100000204/52/23c5/5223c57a2664.jpg
100	2013-09-03	http://image.donga.com/pictorial/uData/conthub/0100000204/52/2519/522519fd217a.jpg
101	2013-09-04	http://image.donga.com/pictorial/uData/conthub/0100000204/52/266a/52266a6b0d82.jpg
102	2013-09-05	http://image.donga.com/pictorial/uData/conthub/0100000204/52/27bc/5227bc06174f.jpg
103	2013-09-06	http://image.donga.com/pictorial/uData/conthub/0100000204/52/290d/52290db105bc.jpg
104	2013-09-09	http://image.donga.com/pictorial/uData/conthub/0100000204/52/2d00/522d00381d3d.jpg
105	2013-09-10	http://image.donga.com/pictorial/uData/conthub/0100000204/52/2e53/522e536807ea.jpg
106	2013-09-11	http://image.donga.com/pictorial/uData/conthub/0100000204/52/2fa2/522fa26a15ae.jpg
107	2013-09-12	http://image.donga.com/pictorial/uData/conthub/0100000204/52/30f6/5230f68e1cea.jpg
108	2013-09-13	http://image.donga.com/pictorial/uData/conthub/0100000204/52/3248/5232486c0ba1.jpg
109	2013-09-16	http://image.donga.com/pictorial/uData/conthub/0100000204/52/363c/52363ca113c0.jpg
110	2013-09-17	http://image.donga.com/pictorial/uData/conthub/0100000204/52/378d/52378dea12bd.jpg
111	2013-09-18	http://image.donga.com/pictorial/uData/conthub/0100000204/52/38e0/5238e0b305d9.jpg
112	2013-09-23	http://image.donga.com/pictorial/uData/conthub/0100000204/52/3f74/523f746e0289.jpg
113	2013-09-24	http://image.donga.com/pictorial/uData/conthub/0100000204/52/40c7/5240c7411884.jpg
114	2013-09-25	http://image.donga.com/pictorial/uData/conthub/0100000204/52/4218/524218370052.jpg
115	2013-09-26	http://image.donga.com/pictorial/uData/conthub/0100000204/52/436d/52436d2012a9.jpg
116	2013-09-27	http://image.donga.com/pictorial/uData/conthub/0100000204/52/44bd/5244bd030a38.jpg
117	2013-09-30	http://image.donga.com/pictorial/uData/conthub/0100000204/52/48b0/5248b0ce05f2.jpg
118	2013-10-01	http://image.donga.com/pictorial/uData/conthub/0100000204/52/4a03/524a032a1b9d.jpg
119	2013-10-02	http://image.donga.com/pictorial/uData/conthub/0100000204/52/4b56/524b56f60d51.jpg
120	2013-10-03	http://image.donga.com/pictorial/uData/conthub/0100000204/52/4ca4/524ca4e70ec4.jpg
121	2013-10-04	http://image.donga.com/pictorial/uData/conthub/0100000204/52/4df6/524df6fe1f37.jpg
122	2013-10-07	http://image.donga.com/pictorial/uData/conthub/0100000204/52/51ea/5251ea2f1791.jpg
123	2013-10-08	http://image.donga.com/pictorial/uData/conthub/0100000204/52/533b/52533b1d20fa.jpg
124	2013-10-09	http://image.donga.com/pictorial/uData/conthub/0100000204/52/5490/525490481931.jpg
125	2013-10-10	http://image.donga.com/pictorial/uData/conthub/0100000204/52/55de/5255de0d08b2.jpg
126	2013-10-11	http://image.donga.com/pictorial/uData/conthub/0100000204/52/5742/525742811482.jpg
127	2013-10-14	http://image.donga.com/pictorial/uData/conthub/0100000204/52/5b25/525b258324fd.jpg
128	2013-10-15	http://image.donga.com/pictorial/uData/conthub/0100000204/52/5c76/525c76621fbf.jpg
129	2013-10-16	http://image.donga.com/pictorial/uData/conthub/0100000204/52/5dc8/525dc8f7152c.jpg
130	2013-10-17	http://image.donga.com/pictorial/uData/conthub/0100000204/52/5f19/525f19720dfc.jpg
131	2013-10-18	http://image.donga.com/pictorial/uData/conthub/0100000204/52/606d/52606d30178a.jpg
132	2013-10-21	http://image.donga.com/pictorial/uData/conthub/0100000204/52/645f/52645f3d1e67.jpg
133	2013-10-22	http://image.donga.com/pictorial/uData/conthub/0100000204/52/65b0/5265b0cf01f9.jpg
134	2013-10-23	http://image.donga.com/pictorial/uData/conthub/0100000204/52/6706/526706cf26ee.jpg
135	2013-10-24	http://image.donga.com/pictorial/uData/conthub/0100000204/52/6855/526855e51ec0.jpg
136	2013-10-25	http://image.donga.com/pictorial/uData/conthub/0100000204/52/69a8/5269a8640f3a.jpg
137	2013-10-28	http://image.donga.com/pictorial/uData/conthub/0100000204/52/6d9a/526d9a281156.jpg
138	2013-10-29	http://image.donga.com/pictorial/uData/conthub/0100000204/52/6eed/526eeddf0c67.jpg
139	2013-10-30	http://image.donga.com/pictorial/uData/conthub/0100000204/52/703e/52703e2d1e5a.jpg
140	2013-10-31	http://image.donga.com/pictorial/uData/conthub/0100000204/52/7191/5271913220d7.jpg
141	2013-11-01	http://image.donga.com/pictorial/uData/conthub/0100000204/52/72e2/5272e21c14ee.jpg
142	2013-11-04	http://image.donga.com/pictorial/uData/conthub/0100000204/52/76d5/5276d57f1723.jpg
143	2013-11-05	http://image.donga.com/pictorial/uData/conthub/0100000204/52/7828/527828530641.jpg
144	2013-11-06	http://image.donga.com/pictorial/uData/conthub/0100000204/52/7979/527979c826bb.jpg
145	2013-11-07	http://image.donga.com/pictorial/uData/conthub/0100000204/52/7ac9/527ac9e10e80.jpg
146	2013-11-08	http://image.donga.com/pictorial/uData/conthub/0100000204/52/7c1f/527c1f13090c.jpg
147	2013-11-11	http://image.donga.com/pictorial/uData/conthub/0100000204/52/8011/528011421a8b.jpg
148	2013-11-12	http://image.donga.com/pictorial/uData/conthub/0100000204/52/8161/528161a91def.jpg
149	2013-11-13	http://image.donga.com/pictorial/uData/conthub/0100000204/52/82b4/5282b41a11f5.jpg
150	2013-11-14	http://image.donga.com/pictorial/uData/conthub/0100000204/52/8407/52840721081f.jpg
151	2013-11-15	http://image.donga.com/pictorial/uData/conthub/0100000204/52/8555/528555c61328.jpg
152	2013-11-18	http://image.donga.com/pictorial/uData/conthub/0100000204/52/894a/52894a490275.jpg
153	2013-11-19	http://image.donga.com/pictorial/uData/conthub/0100000204/52/8a9c/528a9cf223e5.jpg
154	2013-11-20	http://image.donga.com/pictorial/uData/conthub/0100000204/52/8bef/528beff60671.jpg
155	2013-11-21	http://image.donga.com/pictorial/uData/conthub/0100000204/52/8d40/528d40111e5f.jpg
156	2013-11-22	http://image.donga.com/pictorial/uData/conthub/0100000204/52/8e91/528e91d20b52.jpg
157	2013-11-25	http://image.donga.com/pictorial/uData/conthub/0100000204/52/9285/529285f00b84.jpg
158	2013-11-26	http://image.donga.com/pictorial/uData/conthub/0100000204/52/93d9/5293d98e0d0b.jpg
159	2013-11-27	http://image.donga.com/pictorial/uData/conthub/0100000204/52/9529/529529cd14a4.jpg
160	2013-11-28	http://image.donga.com/pictorial/uData/conthub/0100000204/52/967a/52967a7b12ce.jpg
161	2013-11-29	http://image.donga.com/pictorial/uData/conthub/0100000204/52/97cb/5297cbc024e9.jpg
162	2013-12-02	http://image.donga.com/pictorial/uData/conthub/0100000204/52/9bb5/529bb5d5097d.jpg
163	2013-12-03	http://image.donga.com/pictorial/uData/conthub/0100000204/52/9d11/529d11ed1848.jpg
164	2013-12-04	http://image.donga.com/pictorial/uData/conthub/0100000204/52/9e62/529e6208068d.jpg
165	2013-12-05	http://image.donga.com/pictorial/uData/conthub/0100000204/52/9fb6/529fb68712c7.jpg
166	2013-12-06	http://image.donga.com/pictorial/uData/conthub/0100000204/52/a108/52a1085e1cfc.jpg
167	2013-12-09	http://image.donga.com/pictorial/uData/conthub/0100000204/52/a4fa/52a4fa810768.jpg
168	2013-12-10	http://image.donga.com/pictorial/uData/conthub/0100000204/52/a64e/52a64e861dae.jpg
169	2013-12-11	http://image.donga.com/pictorial/uData/conthub/0100000204/52/a7a0/52a7a08125c6.jpg
170	2013-12-12	http://image.donga.com/pictorial/uData/conthub/0100000204/52/a8f4/52a8f4931a36.jpg
171	2013-12-13	http://image.donga.com/pictorial/uData/conthub/0100000204/52/aa42/52aa42460a6b.jpg
172	2013-12-16	http://image.donga.com/pictorial/uData/conthub/0100000204/52/ae36/52ae36fc16cb.jpg
173	2013-12-17	http://image.donga.com/pictorial/uData/conthub/0100000204/52/af98/52af9871219f.jpg
174	2013-12-18	http://image.donga.com/pictorial/uData/conthub/0100000204/52/b0d9/52b0d9f91e62.jpg
175	2013-12-19	http://image.donga.com/pictorial/uData/conthub/0100000204/52/b229/52b229de25a3.jpg
176	2013-12-20	http://image.donga.com/pictorial/uData/conthub/0100000204/52/b37e/52b37e6619e1.jpg
177	2013-12-23	http://image.donga.com/pictorial/uData/conthub/0100000204/52/b771/52b7710626ad.jpg
178	2013-12-24	http://image.donga.com/pictorial/uData/conthub/0100000204/52/b8c2/52b8c26c2052.jpg
179	2013-12-25	http://image.donga.com/pictorial/uData/conthub/0100000204/52/ba15/52ba15d90052.jpg
180	2013-12-26	http://image.donga.com/pictorial/uData/conthub/0100000204/52/bb67/52bb67011bee.jpg
181	2013-12-27	http://image.donga.com/pictorial/uData/conthub/0100000204/52/bcb7/52bcb7d50339.jpg
182	2013-12-30	http://image.donga.com/pictorial/uData/conthub/0100000204/52/c0a9/52c0a9c80c02.jpg
183	2013-12-31	http://image.donga.com/pictorial/uData/conthub/0100000204/52/c1fd/52c1fd9917f3.jpg
184	2014-01-01	http://image.donga.com/pictorial/uData/conthub/0100000204/52/c49f/52c49fa022cf.jpg
185	2014-01-02	http://image.donga.com/pictorial/uData/conthub/0100000204/52/c49f/52c49fa81c93.jpg
186	2014-01-03	http://image.donga.com/pictorial/uData/conthub/0100000204/52/c5f1/52c5f1150548.jpg
187	2014-01-06	http://image.donga.com/pictorial/uData/conthub/0100000204/52/c9e7/52c9e7ef1981.jpg
188	2014-01-07	http://image.donga.com/pictorial/uData/conthub/0100000204/52/cb37/52cb370702d7.jpg
189	2014-01-08	http://image.donga.com/pictorial/uData/conthub/0100000204/52/cc8a/52cc8ad81ff5.jpg
190	2014-01-09	http://image.donga.com/pictorial/uData/conthub/0100000204/52/cdd9/52cdd98702b6.jpg
191	2014-01-10	http://image.donga.com/pictorial/uData/conthub/0100000204/52/cf2d/52cf2d700890.jpg
192	2014-01-13	http://image.donga.com/pictorial/uData/conthub/0100000204/52/d321/52d3215b18c3.jpg
193	2014-01-14	http://image.donga.com/pictorial/uData/conthub/0100000204/52/d471/52d471d0094c.jpg
194	2014-01-15	http://image.donga.com/pictorial/uData/conthub/0100000204/52/d5c3/52d5c38c17cf.jpg
195	2014-01-16	http://image.donga.com/pictorial/uData/conthub/0100000204/52/d716/52d7164a253f.jpg
196	2014-01-17	http://image.donga.com/pictorial/uData/conthub/0100000204/52/d868/52d868390335.jpg
197	2014-01-20	http://image.donga.com/pictorial/uData/conthub/0100000204/52/dc5b/52dc5b2a26c9.jpg
198	2014-01-21	http://dimg.donga.com/carriage/NEWS/content/SPORTS/Cartoon/2014/01/21/13902808261.jpg
199	2014-01-22	http://dimg.donga.com/carriage/NEWS/content/SPORTS/Cartoon/2014/01/22/13903460371.jpg
200	2014-01-23	http://dimg.donga.com/carriage/NEWS/content/SPORTS/Cartoon/2014/01/23/13904318711.jpg
201	2014-01-24	http://dimg.donga.com/carriage/NEWS/content/SPORTS/Cartoon/2014/01/24/13905190831.jpg
202	2014-01-27	http://dimg.donga.com/carriage/NEWS/content/SPORTS/Cartoon/2014/01/27/13907779871.jpg
203	2014-01-28	http://dimg.donga.com/carriage/NEWS/content/SPORTS/Cartoon/2014/01/28/13908662791.jpg
204	2014-01-29	http://dimg.donga.com/carriage/NEWS/content/SPORTS/Cartoon/2014/01/29/13909500711.jpg
205	2014-02-03	http://dimg.donga.com/carriage/NEWS/content/SPORTS/Cartoon/2014/02/03/13913824611.jpg
206	2014-02-04	http://dimg.donga.com/carriage/NEWS/content/SPORTS/Cartoon/2014/02/04/13914692801.jpg
207	2014-02-05	http://dimg.donga.com/carriage/NEWS/content/SPORTS/Cartoon/2014/02/05/13915553391.jpg
208	2014-02-06	http://dimg.donga.com/carriage/NEWS/content/SPORTS/Cartoon/2014/02/06/13916418681.jpg
209	2014-02-07	http://dimg.donga.com/carriage/NEWS/content/SPORTS/Cartoon/2014/02/07/13917286611.jpg
210	2014-02-10	http://dimg.donga.com/carriage/NEWS/content/SPORTS/Cartoon/2014/02/11/13920736921.jpg
211	2014-02-11	http://dimg.donga.com/carriage/NEWS/content/SPORTS/Cartoon/2014/02/11/13920737091.jpg
212	2014-02-12	http://dimg.donga.com/carriage/NEWS/content/SPORTS/Cartoon/2014/02/12/13921606081.jpg
213	2014-02-13	http://dimg.donga.com/carriage/NEWS/content/SPORTS/Cartoon/2014/02/25/13933036561.jpg
214	2014-02-14	http://dimg.donga.com/carriage/NEWS/content/SPORTS/Cartoon/2014/02/14/13923329951.jpg
215	2014-02-17	http://dimg.donga.com/carriage/NEWS/content/SPORTS/Cartoon/2014/02/25/13933039531.jpg
216	2014-02-18	http://dimg.donga.com/carriage/NEWS/content/SPORTS/Cartoon/2014/02/25/13933039701.jpg
217	2014-02-19	http://dimg.donga.com/carriage/NEWS/content/SPORTS/Cartoon/2014/02/25/13933039821.jpg
218	2014-02-20	http://dimg.donga.com/carriage/NEWS/content/SPORTS/Cartoon/2014/02/20/13928510401.jpg
219	2014-02-21	http://dimg.donga.com/carriage/NEWS/content/SPORTS/Cartoon/2014/02/21/13929377311.jpg
220	2014-02-24	http://dimg.donga.com/carriage/NEWS/content/SPORTS/Cartoon/2014/02/25/13932981711.jpg
221	2014-02-25	http://dimg.donga.com/carriage/NEWS/content/SPORTS/Cartoon/2014/02/25/13932979741.jpg
222	2014-02-26	http://dimg.donga.com/carriage/NEWS/content/SPORTS/Cartoon/2014/02/26/13933796181.jpg
223	2014-02-27	http://dimg.donga.com/carriage/NEWS/content/SPORTS/Cartoon/2014/02/27/13934657181.jpg
224	2014-02-28	http://dimg.donga.com/carriage/NEWS/content/SPORTS/Cartoon/2014/02/28/13935428411.jpg
225	2014-03-03	http://dimg.donga.com/carriage/NEWS/content/SPORTS/Cartoon/2014/03/03/13938021321.jpg
226	2014-03-04	http://dimg.donga.com/carriage/NEWS/content/SPORTS/Cartoon/2014/03/04/13938882571.jpg
227	2014-03-05	http://dimg.donga.com/carriage/NEWS/content/SPORTS/Cartoon/2014/03/05/13939749911.jpg
228	2014-03-06	http://dimg.donga.com/carriage/NEWS/content/SPORTS/Cartoon/2014/03/06/13940610571.jpg
229	2014-03-07	http://dimg.donga.com/carriage/NEWS/content/SPORTS/Cartoon/2014/03/07/13941478651.jpg
230	2014-03-10	http://dimg.donga.com/carriage/NEWS/content/SPORTS/Cartoon/2014/03/10/13944069111.jpg
231	2014-03-11	http://dimg.donga.com/carriage/NEWS/content/SPORTS/Cartoon/2014/03/11/13944932361.jpg
232	2014-03-12	http://dimg.donga.com/carriage/NEWS/content/SPORTS/Cartoon/2014/03/12/13945796681.jpg
233	2014-03-13	http://dimg.donga.com/carriage/NEWS/content/SPORTS/Cartoon/2014/03/13/13946656451.jpg
234	2014-03-14	http://dimg.donga.com/carriage/NEWS/content/SPORTS/Cartoon/2014/03/14/13947524811.jpg
235	2014-03-17	http://dimg.donga.com/carriage/NEWS/content/SPORTS/Cartoon/2014/03/17/13950117031.jpg
236	2014-03-18	http://dimg.donga.com/carriage/NEWS/content/SPORTS/Cartoon/2014/03/18/13950976661.jpg
237	2014-03-19	http://dimg.donga.com/carriage/NEWS/content/SPORTS/Cartoon/2014/03/19/13951848581.jpg
238	2014-03-20	http://dimg.donga.com/carriage/NEWS/content/SPORTS/Cartoon/2014/03/20/13952713701.jpg
239	2014-03-21	http://dimg.donga.com/carriage/NEWS/content/SPORTS/Cartoon/2014/03/21/13953572741.jpg
240	2014-03-24	http://dimg.donga.com/carriage/NEWS/content/SPORTS/Cartoon/2014/03/24/13956168431.jpg
241	2014-03-25	http://dimg.donga.com/carriage/NEWS/content/SPORTS/Cartoon/2014/03/25/13957030631.jpg
242	2014-03-26	http://dimg.donga.com/carriage/NEWS/content/SPORTS/Cartoon/2014/03/26/13957894461.jpg
243	2014-03-27	http://dimg.donga.com/carriage/NEWS/content/SPORTS/Cartoon/2014/03/27/13958758911.jpg
244	2014-03-28	http://dimg.donga.com/carriage/NEWS/content/SPORTS/Cartoon/2014/03/28/13959614731.jpg
245	2014-03-31	http://dimg.donga.com/carriage/NEWS/content/SPORTS/Cartoon/2014/03/31/13962214801.jpg
246	2014-04-01	http://dimg.donga.com/carriage/NEWS/content/SPORTS/Cartoon/2014/04/01/13963077611.jpg
247	2014-04-02	http://dimg.donga.com/carriage/NEWS/content/SPORTS/Cartoon/2014/04/02/13963942811.jpg
248	2014-04-03	http://dimg.donga.com/carriage/NEWS/content/SPORTS/Cartoon/2014/04/03/13964802361.jpg
249	2014-04-04	http://dimg.donga.com/carriage/NEWS/content/SPORTS/Cartoon/2014/04/04/13965671711.jpg
250	2014-04-07	http://dimg.donga.com/carriage/NEWS/content/SPORTS/Cartoon/2014/04/07/13968261191.jpg
251	2014-04-08	http://dimg.donga.com/carriage/NEWS/content/SPORTS/Cartoon/2014/04/08/13969128271.jpg
252	2014-04-09	http://dimg.donga.com/carriage/NEWS/content/SPORTS/Cartoon/2014/04/10/13970947151.jpg
253	2014-04-10	http://dimg.donga.com/carriage/NEWS/content/SPORTS/Cartoon/2014/04/10/13970947581.jpg
254	2014-04-11	http://dimg.donga.com/carriage/NEWS/content/SPORTS/Cartoon/2014/04/11/13971709931.jpg
255	2014-04-14	http://dimg.donga.com/carriage/NEWS/content/SPORTS/Cartoon/2014/04/14/13974298801.jpg
256	2014-04-15	http://dimg.donga.com/carriage/NEWS/content/SPORTS/Cartoon/2014/04/15/13975168721.jpg
257	2014-04-16	http://dimg.donga.com/carriage/NEWS/content/SPORTS/Cartoon/2014/04/16/13976033381.jpg
258	2014-04-17	http://dimg.donga.com/carriage/NEWS/content/SPORTS/Cartoon/2014/04/17/13976896571.jpg
259	2014-04-18	http://dimg.donga.com/carriage/NEWS/content/SPORTS/Cartoon/2014/04/18/13977756661.jpg
260	2014-04-21	http://dimg.donga.com/carriage/NEWS/content/SPORTS/Cartoon/2014/04/21/13980351511.jpg
261	2014-04-22	http://dimg.donga.com/carriage/NEWS/content/SPORTS/Cartoon/2014/04/22/13981215411.jpg
262	2014-04-23	http://dimg.donga.com/carriage/NEWS/content/SPORTS/Cartoon/2014/04/23/13982075981.jpg
263	2014-04-24	http://dimg.donga.com/carriage/NEWS/content/SPORTS/Cartoon/2014/04/24/13982943421.jpg
264	2014-04-25	http://dimg.donga.com/carriage/NEWS/content/SPORTS/Cartoon/2014/04/25/13983810901.jpg
265	2014-04-28	http://dimg.donga.com/carriage/NEWS/content/SPORTS/Cartoon/2014/04/28/13986398281.jpg
266	2014-04-29	http://dimg.donga.com/carriage/NEWS/content/SPORTS/Cartoon/2014/04/29/13987266521.jpg
267	2014-04-30	http://dimg.donga.com/carriage/NEWS/content/SPORTS/Cartoon/2014/04/30/13988131241.jpg
268	2014-05-01	http://dimg.donga.com/carriage/NEWS/content/SPORTS/Cartoon/2014/05/01/13988985571.jpg
269	2014-05-02	http://dimg.donga.com/carriage/NEWS/content/SPORTS/Cartoon/2014/05/02/13989853811.jpg
270	2014-05-07	http://dimg.donga.com/carriage/NEWS/content/SPORTS/Cartoon/2014/05/07/13994175311.jpg
271	2014-05-08	http://dimg.donga.com/carriage/NEWS/content/SPORTS/Cartoon/2014/05/08/13995037241.jpg
272	2014-05-09	http://dimg.donga.com/carriage/NEWS/content/SPORTS/Cartoon/2014/05/09/13995908361.jpg
273	2014-05-12	http://dimg.donga.com/carriage/NEWS/content/SPORTS/Cartoon/2014/05/12/13998494311.jpg
274	2014-05-13	http://dimg.donga.com/carriage/NEWS/content/SPORTS/Cartoon/2014/05/13/13999360891.jpg
275	2014-05-14	http://dimg.donga.com/carriage/NEWS/content/SPORTS/Cartoon/2014/05/14/14000225301.jpg
276	2014-05-15	http://dimg.donga.com/carriage/NEWS/content/SPORTS/Cartoon/2014/05/15/14001086761.jpg
277	2014-05-16	http://dimg.donga.com/carriage/NEWS/content/SPORTS/Cartoon/2014/05/16/14001961101.jpg
278	2014-05-19	http://dimg.donga.com/carriage/NEWS/content/SPORTS/Cartoon/2014/05/19/14005076471.jpg
279	2014-05-20	http://dimg.donga.com/carriage/NEWS/content/SPORTS/Cartoon/2014/05/20/14005410291.jpg
280	2014-05-21	http://dimg.donga.com/carriage/NEWS/content/SPORTS/Cartoon/2014/05/21/14006265741.jpg
281	2014-05-22	http://dimg.donga.com/carriage/NEWS/content/SPORTS/Cartoon/2014/05/22/14007130541.jpg
282	2014-05-23	http://dimg.donga.com/carriage/NEWS/content/SPORTS/Cartoon/2014/05/23/14007991571.jpg
283	2014-05-26	http://dimg.donga.com/carriage/NEWS/content/SPORTS/Cartoon/2014/05/26/14010589021.jpg
284	2014-05-27	http://dimg.donga.com/carriage/NEWS/content/SPORTS/Cartoon/2014/05/27/14011449431.jpg
285	2014-05-28	http://dimg.donga.com/carriage/NEWS/content/SPORTS/Cartoon/2014/05/28/14012311701.jpg
286	2014-05-29	http://dimg.donga.com/carriage/NEWS/content/SPORTS/Cartoon/2014/05/29/14013178931.jpg
287	2014-05-30	http://dimg.donga.com/carriage/NEWS/content/SPORTS/Cartoon/2014/05/30/14014046271.jpg
288	2014-06-02	http://dimg.donga.com/carriage/NEWS/content/SPORTS/Cartoon/2014/06/02/14016634781.jpg
289	2014-06-03	http://dimg.donga.com/carriage/NEWS/content/SPORTS/Cartoon/2014/06/03/14017500321.jpg
290	2014-06-04	http://dimg.donga.com/carriage/NEWS/content/SPORTS/Cartoon/2014/06/04/14018366631.jpg
291	2014-06-05	http://dimg.donga.com/carriage/NEWS/content/SPORTS/Cartoon/2014/06/05/14019228711.jpg
292	2014-06-09	http://dimg.donga.com/carriage/NEWS/content/SPORTS/Cartoon/2014/06/09/14022688161.jpg
293	2014-06-10	http://dimg.donga.com/carriage/NEWS/content/SPORTS/Cartoon/2014/06/10/14023549121.jpg
294	2014-06-11	http://dimg.donga.com/carriage/NEWS/content/SPORTS/Cartoon/2014/06/11/14024418111.jpg
295	2014-06-12	http://dimg.donga.com/carriage/NEWS/content/SPORTS/Cartoon/2014/06/12/14025275811.jpg
296	2014-06-13	http://dimg.donga.com/carriage/NEWS/content/SPORTS/Cartoon/2014/06/13/14026143581.jpg
297	2014-06-16	http://dimg.donga.com/carriage/NEWS/content/SPORTS/Cartoon/2014/06/16/14028735821.jpg
298	2014-06-17	http://dimg.donga.com/carriage/NEWS/content/SPORTS/Cartoon/2014/06/17/14029598081.jpg
299	2014-06-18	http://dimg.donga.com/carriage/NEWS/content/SPORTS/Cartoon/2014/06/18/14030463821.jpg
300	2014-06-19	http://dimg.donga.com/carriage/NEWS/content/SPORTS/Cartoon/2014/06/19/14031324381.jpg
301	2014-06-20	http://dimg.donga.com/carriage/NEWS/content/SPORTS/Cartoon/2014/06/20/14032188221.jpg
302	2014-06-23	http://dimg.donga.com/carriage/NEWS/content/SPORTS/Cartoon/2014/06/23/14034783641.jpg
303	2014-06-24	http://dimg.donga.com/carriage/NEWS/content/SPORTS/Cartoon/2014/06/24/14035643231.jpg
304	2014-06-25	http://dimg.donga.com/carriage/NEWS/content/SPORTS/Cartoon/2014/06/25/14036507101.jpg
305	2014-06-26	http://dimg.donga.com/carriage/NEWS/content/SPORTS/Cartoon/2014/06/26/14037373711.jpg
306	2014-06-27	http://dimg.donga.com/carriage/NEWS/content/SPORTS/Cartoon/2014/06/27/14038240051.jpg
307	2014-06-30	http://dimg.donga.com/carriage/NEWS/content/SPORTS/Cartoon/2014/06/30/14040828591.jpg
308	2014-07-01	http://dimg.donga.com/carriage/NEWS/content/SPORTS/Cartoon/2014/07/01/14041689951.jpg
309	2014-07-02	http://dimg.donga.com/carriage/NEWS/content/SPORTS/Cartoon/2014/07/02/14042557981.jpg
310	2014-07-03	http://dimg.donga.com/carriage/NEWS/content/SPORTS/Cartoon/2014/07/03/14043421581.jpg
311	2014-07-04	http://dimg.donga.com/carriage/NEWS/content/SPORTS/Cartoon/2014/07/04/14044283021.jpg
312	2014-07-07	http://dimg.donga.com/carriage/NEWS/content/SPORTS/Cartoon/2014/07/07/14046879221.jpg
313	2014-07-08	http://dimg.donga.com/carriage/NEWS/content/SPORTS/Cartoon/2014/07/08/14047735911.jpg
314	2014-07-09	http://dimg.donga.com/carriage/NEWS/content/SPORTS/Cartoon/2014/07/09/14048606381.jpg
315	2014-07-10	http://dimg.donga.com/carriage/NEWS/content/SPORTS/Cartoon/2014/07/10/14049466521.jpg
316	2014-07-11	http://dimg.donga.com/carriage/NEWS/content/SPORTS/Cartoon/2014/07/11/14050331261.jpg
317	2014-07-14	http://dimg.donga.com/carriage/NEWS/content/SPORTS/Cartoon/2014/07/14/14052925851.jpg
318	2014-07-15	http://dimg.donga.com/carriage/NEWS/content/SPORTS/Cartoon/2014/07/15/14053786411.jpg
319	2014-07-16	http://dimg.donga.com/carriage/NEWS/content/SPORTS/Cartoon/2014/07/16/14054654181.jpg
320	2014-07-17	http://dimg.donga.com/carriage/NEWS/content/SPORTS/Cartoon/2014/07/17/14055514101.jpg
321	2014-07-18	http://dimg.donga.com/carriage/NEWS/content/SPORTS/Cartoon/2014/07/18/14056382541.jpg
322	2014-07-21	http://dimg.donga.com/carriage/NEWS/content/SPORTS/Cartoon/2014/07/21/14058975501.jpg
323	2014-07-22	http://dimg.donga.com/carriage/NEWS/content/SPORTS/Cartoon/2014/07/22/14059835051.jpg
324	2014-07-23	http://dimg.donga.com/carriage/NEWS/content/SPORTS/Cartoon/2014/07/23/14060702431.jpg
325	2014-07-24	http://dimg.donga.com/carriage/NEWS/content/SPORTS/Cartoon/2014/07/24/14061566961.jpg
326	2014-07-25	http://dimg.donga.com/carriage/NEWS/content/SPORTS/Cartoon/2014/07/25/14062429871.jpg
327	2014-07-28	http://dimg.donga.com/carriage/NEWS/content/SPORTS/Cartoon/2014/07/28/14065021301.jpg
328	2014-07-29	http://dimg.donga.com/carriage/NEWS/content/SPORTS/Cartoon/2014/07/29/14065886851.jpg
329	2014-07-30	http://dimg.donga.com/carriage/NEWS/content/SPORTS/Cartoon/2014/07/30/14066752491.jpg
330	2014-07-31	http://dimg.donga.com/carriage/NEWS/content/SPORTS/Cartoon/2014/07/31/14067612001.jpg
331	2014-08-01	http://dimg.donga.com/carriage/NEWS/content/SPORTS/Cartoon/2014/08/01/14068479441.jpg
332	2014-08-04	http://dimg.donga.com/carriage/NEWS/content/SPORTS/Cartoon/2014/08/04/14071073251.jpg
333	2014-08-05	http://dimg.donga.com/carriage/NEWS/content/SPORTS/Cartoon/2014/08/05/14071930261.jpg
334	2014-08-06	http://dimg.donga.com/carriage/NEWS/content/SPORTS/Cartoon/2014/08/06/14072789901.jpg
335	2014-08-07	http://dimg.donga.com/carriage/NEWS/content/SPORTS/Cartoon/2014/08/07/14073661631.jpg
336	2014-08-08	http://dimg.donga.com/carriage/NEWS/content/SPORTS/Cartoon/2014/08/08/14074525171.jpg
337	2014-08-11	http://dimg.donga.com/carriage/NEWS/content/SPORTS/Cartoon/2014/08/11/14077111571.jpg
338	2014-08-12	http://dimg.donga.com/carriage/NEWS/content/SPORTS/Cartoon/2014/08/12/14077976951.jpg
339	2014-08-13	http://dimg.donga.com/carriage/NEWS/content/SPORTS/Cartoon/2014/08/13/14078843261.jpg
340	2014-08-14	http://dimg.donga.com/carriage/NEWS/content/SPORTS/Cartoon/2014/08/14/14079706541.jpg
341	2014-08-15	http://dimg.donga.com/carriage/NEWS/content/SPORTS/Cartoon/2014/08/15/14080561431.jpg
342	2014-08-18	http://dimg.donga.com/carriage/NEWS/content/SPORTS/Cartoon/2014/08/18/14083167751.jpg
343	2014-08-19	http://dimg.donga.com/carriage/NEWS/content/SPORTS/Cartoon/2014/08/19/14084029561.jpg
344	2014-08-20	http://dimg.donga.com/carriage/NEWS/content/SPORTS/Cartoon/2014/08/20/14084899011.jpg
345	2014-08-21	http://dimg.donga.com/carriage/NEWS/content/SPORTS/Cartoon/2014/08/21/14085758631.jpg
346	2014-08-22	http://dimg.donga.com/carriage/NEWS/content/SPORTS/Cartoon/2014/08/22/14086623531.jpg
347	2014-08-25	http://dimg.donga.com/carriage/NEWS/content/SPORTS/Cartoon/2014/08/25/14089225851.jpg
348	2014-08-26	http://dimg.donga.com/carriage/NEWS/content/SPORTS/Cartoon/2014/08/26/14090073291.jpg
349	2014-08-27	http://dimg.donga.com/carriage/NEWS/content/SPORTS/Cartoon/2014/08/27/14091023351.jpg
350	2014-08-28	http://dimg.donga.com/carriage/NEWS/content/SPORTS/Cartoon/2014/08/28/14091802061.jpg
351	2014-08-29	http://dimg.donga.com/carriage/NEWS/content/SPORTS/Cartoon/2014/08/29/14092665691.jpg
352	2014-09-01	http://dimg.donga.com/carriage/NEWS/content/SPORTS/Cartoon/2014/09/01/14095261321.jpg
353	2014-09-02	http://dimg.donga.com/carriage/NEWS/content/SPORTS/Cartoon/2014/09/02/14096120811.jpg
354	2014-09-03	http://dimg.donga.com/carriage/NEWS/content/SPORTS/Cartoon/2014/09/03/14097000371.jpg
355	2014-09-04	http://dimg.donga.com/carriage/NEWS/content/SPORTS/Cartoon/2014/09/04/14097853901.jpg
356	2014-09-05	http://dimg.donga.com/carriage/NEWS/content/SPORTS/Cartoon/2014/09/05/14098715711.jpg
357	2014-09-1	http://dimg.donga.com/carriage/NEWS/content/SPORTS/Cartoon/2014/09/11/14103899121.jpg
358	2014-09-12	http://dimg.donga.com/carriage/NEWS/content/SPORTS/Cartoon/2014/09/12/14104766301.jpg
359	2014-09-15	http://dimg.donga.com/carriage/NEWS/content/SPORTS/Cartoon/2014/09/15/14107359691.jpg
360	2014-09-16	http://dimg.donga.com/carriage/NEWS/content/SPORTS/Cartoon/2014/09/16/14108217121.jpg
361	2014-09-17	http://dimg.donga.com/carriage/NEWS/content/SPORTS/Cartoon/2014/09/17/14109088711.jpg
362	2014-09-18	http://dimg.donga.com/carriage/NEWS/content/SPORTS/Cartoon/2014/09/18/14109952901.jpg
363	2014-09-19	http://dimg.donga.com/carriage/NEWS/content/SPORTS/Cartoon/2014/09/19/14110811481.jpg
364	2014-09-22	http://dimg.donga.com/carriage/NEWS/content/SPORTS/Cartoon/2014/09/22/14113403771.jpg
365	2014-09-23	http://dimg.donga.com/carriage/NEWS/content/SPORTS/Cartoon/2014/09/23/14114265781.jpg
366	2014-09-24	http://dimg.donga.com/carriage/NEWS/content/SPORTS/Cartoon/2014/09/24/14115136131.jpg
367	2014-09-25	http://dimg.donga.com/carriage/NEWS/content/SPORTS/Cartoon/2014/09/25/14115997591.jpg
368	2014-09-26	http://dimg.donga.com/carriage/NEWS/content/SPORTS/Cartoon/2014/09/26/14116865911.jpg
369	2014-09-29	http://dimg.donga.com/carriage/NEWS/content/SPORTS/Cartoon/2014/09/29/14119454381.jpg
370	2014-09-30	http://dimg.donga.com/carriage/NEWS/content/SPORTS/Cartoon/2014/09/30/14120318011.jpg
371	2014-10-01	http://dimg.donga.com/carriage/NEWS/content/SPORTS/Cartoon/2014/10/01/14121183721.jpg
372	2014-10-02	http://dimg.donga.com/carriage/NEWS/content/SPORTS/Cartoon/2014/10/02/14122045681.jpg
373	2014-10-04	http://dimg.donga.com/carriage/NEWS/content/SPORTS/Cartoon/2014/10/04/14123768371.jpg
374	2014-10-06	http://dimg.donga.com/carriage/NEWS/content/SPORTS/Cartoon/2014/10/06/14125504411.jpg
375	2014-10-07	http://dimg.donga.com/carriage/NEWS/content/SPORTS/Cartoon/2014/10/07/14126365741.jpg
376	2014-10-08	http://dimg.donga.com/carriage/NEWS/content/SPORTS/Cartoon/2014/10/08/14127228061.jpg
377	2014-10-10	http://dimg.donga.com/carriage/NEWS/content/SPORTS/Cartoon/2014/10/10/14128952081.jpg
378	2014-10-13	http://dimg.donga.com/carriage/NEWS/content/SPORTS/Cartoon/2014/10/13/14131552931.jpg
379	2014-10-14	http://dimg.donga.com/carriage/NEWS/content/SPORTS/Cartoon/2014/10/14/14132419401.jpg
380	2014-10-15	http://dimg.donga.com/carriage/NEWS/content/SPORTS/Cartoon/2014/10/15/14133287921.jpg
381	2014-10-16	http://dimg.donga.com/carriage/NEWS/content/SPORTS/Cartoon/2014/10/16/14134144871.jpg
382	2014-10-17	http://dimg.donga.com/carriage/NEWS/content/SPORTS/Cartoon/2014/10/17/14135008831.jpg
383	2014-10-20	http://dimg.donga.com/carriage/NEWS/content/SPORTS/Cartoon/2014/10/20/14137601411.jpg
384	2014-10-21	http://dimg.donga.com/carriage/NEWS/content/SPORTS/Cartoon/2014/10/21/14138467011.jpg
385	2014-10-22	http://dimg.donga.com/carriage/NEWS/content/SPORTS/Cartoon/2014/10/22/14139333101.jpg
386	2014-10-23	http://dimg.donga.com/carriage/NEWS/content/SPORTS/Cartoon/2014/10/23/14140194571.jpg
387	2014-10-24	http://dimg.donga.com/carriage/NEWS/content/SPORTS/Cartoon/2014/10/24/14141055371.jpg
388	2014-10-27	http://dimg.donga.com/carriage/NEWS/content/SPORTS/Cartoon/2014/10/27/14143647911.jpg
389	2014-10-28	http://dimg.donga.com/carriage/NEWS/content/SPORTS/Cartoon/2014/10/28/14144515731.jpg
390	2014-10-29	http://dimg.donga.com/carriage/NEWS/content/SPORTS/Cartoon/2014/10/29/14145379641.jpg
391	2014-10-30	http://dimg.donga.com/carriage/NEWS/content/SPORTS/Cartoon/2014/10/30/14146237061.jpg
392	2014-10-31	http://dimg.donga.com/carriage/NEWS/content/SPORTS/Cartoon/2014/10/31/14147103141.jpg
393	2014-11-03	http://dimg.donga.com/carriage/NEWS/content/SPORTS/Cartoon/2014/11/03/14149694841.jpg
394	2014-11-04	http://dimg.donga.com/carriage/NEWS/content/SPORTS/Cartoon/2014/11/04/14150563611.jpg
395	2014-11-05	http://dimg.donga.com/carriage/NEWS/content/SPORTS/Cartoon/2014/11/05/14151423151.jpg
396	2014-11-06	http://dimg.donga.com/carriage/NEWS/content/SPORTS/Cartoon/2014/11/06/14152289561.jpg
397	2014-11-07	http://dimg.donga.com/carriage/NEWS/content/SPORTS/Cartoon/2014/11/07/14153154591.jpg
398	2014-11-10	http://dimg.donga.com/carriage/NEWS/content/SPORTS/Cartoon/2014/11/10/14155743671.jpg
399	2014-11-11	http://dimg.donga.com/carriage/NEWS/content/SPORTS/Cartoon/2014/11/11/14156606301.jpg
